key,instantiationMoment,title,author,message,email,link
note-01,2020/12/03 09:00,normal title,username - surname name,normal message,normalemail@gmail.com,http://nomalLink.com
note-02,2020/01/13 12:00,normal title,username - surname name,normal message,normalemail@gmail.com,http://nomalLink.com
note-03,2020/01/01 00:00,normal title,username - surname name,normal message,normalemail@gmail.com,http://nomalLink.com
note-04,2019/12/31 23:59,normal title,username - surname name,normal message,normalemail@gmail.com,http://nomalLink.com
note-05,2020/01/01 12:00,normal title,username - surname name,normal message,normalemail@gmail.com,http://nomalLink.com
note-06,2020/12/31 00:00,normal title,username - surname name,normal message,normalemail@gmail.com,http://nomalLink.com
note-07,2020/12/03 09:00,a,username - surname name,normal message,normalemail@gmail.com,http://nomalLink.com
note-08,2020/12/03 09:00,ab,username - surname name,normal message,normalemail@gmail.com,http://nomalLink.com
note-09,2020/12/03 09:00,Title with 74 charactersssssssssssssssssssssssssssssssssssssssssssssssssss,username - surname name,normal message,normalemail@gmail.com,http://nomalLink.com
note-10,2020/12/03 09:00,Title with 75 characterssssssssssssssssssssssssssssssssssssssssssssssssssss,username - surname name,normal message,normalemail@gmail.com,http://nomalLink.com
note-11,2020/12/03 09:00,<b>normal title</b>,username - surname name,normal message,normalemail@gmail.com,http://nomalLink.com
note-12,2020/12/03 09:00,"<script>alert(""hi"")</script>",username - surname name,normal message,normalemail@gmail.com,http://nomalLink.com
note-13,2020/12/03 09:00,κανονικός τίτλος,username - surname name,normal message,normalemail@gmail.com,http://nomalLink.com
note-14,2020/12/03 09:00,normal title,a,normal message,normalemail@gmail.com,http://nomalLink.com
note-15,2020/12/03 09:00,normal title,ab,normal message,normalemail@gmail.com,http://nomalLink.com
note-16,2020/12/03 09:00,normal title,username - surname name with 74 charectersssssssssssssssssssssssssssssssss,normal message,normalemail@gmail.com,http://nomalLink.com
note-17,2020/12/03 09:00,normal title,username - surname name with 75 charecterssssssssssssssssssssssssssssssssss,normal message,normalemail@gmail.com,http://nomalLink.com
note-18,2020/12/03 09:00,normal title,<b>username - surname name</b>,normal message,normalemail@gmail.com,http://nomalLink.com
note-19,2020/12/03 09:00,normal title,"<script>alert(""hi"")</script>",normal message,normalemail@gmail.com,http://nomalLink.com
note-20,2020/12/03 09:00,normal title,όνομα χρήστη - επώνυμο όνομα,normal message,normalemail@gmail.com,http://nomalLink.com
note-21,2020/12/03 09:00,normal title,username - surname name,a,normalemail@gmail.com,http://nomalLink.com
note-22,2020/12/03 09:00,normal title,username - surname name,ab,normalemail@gmail.com,http://nomalLink.com
note-23,2020/12/03 09:00,normal title,username - surname name,Normal message with 99 charactersssssssssssssssssssssssssssssssssssssssssssssssssssssssssssssssssss,normalemail@gmail.com,http://nomalLink.com
note-24,2020/12/03 09:00,normal title,username - surname name,Normal message with 100 charactersssssssssssssssssssssssssssssssssssssssssssssssssssssssssssssssssss,normalemail@gmail.com,http://nomalLink.com
note-25,2020/12/03 09:00,normal title,username - surname name,<b>normal message</b>,normalemail@gmail.com,http://nomalLink.com
note-26,2020/12/03 09:00,normal title,username - surname name,"<script>alert(""hi"")</script>",normalemail@gmail.com,http://nomalLink.com
note-27,2020/12/03 09:00,normal title,username - surname name,κανονικό μήνυμα,normalemail@gmail.com,http://nomalLink.com
note-28,2020/12/03 09:00,normal title,username - surname name,normal message,,http://nomalLink.com
note-29,2020/12/03 09:00,normal title,username - surname name,normal message,null,http://nomalLink.com
note-30,2020/12/03 09:00,normal title,username - surname name,normal message,normalemail@gmail.com,
note-31,2020/12/03 09:00,normal title,username - surname name,normal message,normalemail@gmail.com,null
note-32,2020/12/03 09:00,normal title,username - surname name,normal message,normalemail@gmail.com,http://www.acme.com/a?b
note-33,2020/12/03 09:00,normal title,username - surname name,normal message,normalemail@gmail.com,http://www.acme.com/a/b
note-34,2020/12/03 09:00,normal title,username - surname name,normal message,normalemail@gmail.com,
note-35,2020/12/03 09:00,normal title,username - surname name,normal message,normalemail@gmail.com,ftp://user:pass@acme.org