key,moment,title,nick,message,email,link
peep-01,2020/01/13 09:00,normal title,normal nick,normal message,normalemail@gmail.com,http://link.com
peep-02,2020/01/13 12:00,normal title,normal nick,normal message,normalemail@gmail.com,http://link.com
peep-03,2020/01/01 00:00,normal title,normal nick,normal message,normalemail@gmail.com,http://link.com
peep-04,2019/12/31 23:59,normal title,normal nick,normal message,normalemail@gmail.com,http://link.com
peep-05,2020/01/01 12:00,normal title,normal nick,normal message,normalemail@gmail.com,http://link.com
peep-06,2020/12/31 00:00,normal title,normal nick,normal message,normalemail@gmail.com,http://link.com
peep-07,2020/01/13 09:00,a,normal nick,normal message,normalemail@gmail.com,http://link.com
peep-08,2020/01/13 09:00,ab,normal nick,normal message,normalemail@gmail.com,http://link.com
peep-09,2020/01/13 09:00,Title with 74 charactersssssssssssssssssssssssssssssssssssssssssssssssssss,normal nick,normal message,normalemail@gmail.com,http://link.com
peep-10,2020/01/13 09:00,Title with 75 characterssssssssssssssssssssssssssssssssssssssssssssssssssss,normal nick,normal message,normalemail@gmail.com,http://link.com
peep-11,2020/01/13 09:00,<b>normal nick</b>,normal nick,normal message,normalemail@gmail.com,http://link.com
peep-12,2020/01/13 09:00,"<script>alert(""hi"")</script>",normal nick,normal message,normalemail@gmail.com,http://link.com
peep-13,2020/01/13 09:00,κανονικός τίτλος,normal nick,normal message,normalemail@gmail.com,http://link.com
peep-14,2020/01/13 09:00,normal title,a,normal message,normalemail@gmail.com,http://link.com
peep-15,2020/01/13 09:00,normal title,ab,normal message,normalemail@gmail.com,http://link.com
peep-16,2020/01/13 09:00,normal title,Normal nick with 74 charactersssssssssssssssssssssssssssssssssssssssssssss,normal message,normalemail@gmail.com,http://link.com
peep-17,2020/01/13 09:00,normal title,Normal nick with 75 charactersssssssssssssssssssssssssssssssssssssssssssss,normal message,normalemail@gmail.com,http://link.com
peep-18,2020/01/13 09:00,normal title,<b>normal nick</b>,normal message,normalemail@gmail.com,http://link.com
peep-19,2020/01/13 09:00,normal title,"<script>alert(""hi"")</script>",normal message,normalemail@gmail.com,http://link.com
peep-20,2020/01/13 09:00,normal title,κανονικός τίτλος,normal message,normalemail@gmail.com,http://link.com
peep-21,2020/01/13 09:00,normal title,normal nick,a,normalemail@gmail.com,http://link.com
peep-22,2020/01/13 09:00,normal title,normal nick,ab,normalemail@gmail.com,http://link.com
peep-23,2020/01/13 09:00,normal title,normal nick,Normal message with 99 scharacterssssssssssssssssssssssssssssssssssssssssssssssssssssssssssssssssss,normalemail@gmail.com,http://link.com
peep-24,2020/01/13 09:00,normal title,normal nick,Normal message with 100 scharacterssssssssssssssssssssssssssssssssssssssssssssssssssssssssssssssssss,normalemail@gmail.com,http://link.com
peep-25,2020/01/13 09:00,normal title,normal nick,<b>normal message</b>,normalemail@gmail.com,http://link.com
peep-26,2020/01/13 09:00,normal title,normal nick,"<script>alert(""hi"")</script>",normalemail@gmail.com,http://link.com
peep-27,2020/01/13 09:00,normal title,normal nick,κανονικό μήνυμα,normalemail@gmail.com,http://link.com
peep-28,2020/01/13 09:00,normal title,normal nick,normal message,normalemail@gmail.com,
peep-29,2020/01/13 09:00,normal title,normal nick,normal message,normalemail@gmail.com,null
peep-30,2020/01/13 09:00,normal title,normal nick,normal message,normalemail@gmail.com,http://example.com/a?b
peep-31,2020/01/13 09:00,normal title,normal nick,normal message,normalemail@gmail.com,http://example.com/a/b/c
peep-32,2020/01/13 09:00,normal title,normal nick,normal message,normalemail@gmail.com,
peep-33,2020/01/13 09:00,normal title,normal nick,normal message,normalemail@gmail.com,ftp://user:pass@acme.org
